source,target,weight
0,4,0.002105263157894737
0,12,0.002105263157894737
0,18,0.002105263157894737
0,25,0.004210526315789474
0,30,0.002105263157894737
0,46,0.00631578947368421
0,55,0.002105263157894737
0,58,0.002105263157894737
0,59,0.004210526315789474
0,74,0.002105263157894737
0,76,0.004210526315789474
0,77,0.002105263157894737
0,85,0.002105263157894737
0,86,0.002105263157894737
0,87,0.00631578947368421
0,374,0.01263157894736842
0,401,0.002105263157894737
4,0,0.0036496350364963502
4,3,0.016423357664233577
4,12,0.0018248175182481751
4,14,0.0018248175182481751
4,17,0.0018248175182481751
4,24,0.0036496350364963502
4,25,0.0018248175182481751
4,27,0.0018248175182481751
4,30,0.014598540145985401
4,46,0.009124087591240875
4,55,0.0036496350364963502
4,58,0.020072992700729927
4,59,0.0036496350364963502
4,64,0.0018248175182481751
4,79,0.0018248175182481751
4,84,0.0018248175182481751
4,88,0.009124087591240875
4,89,0.0018248175182481751
4,149,0.0018248175182481751
4,179,0.0018248175182481751
4,250,0.0018248175182481751
4,286,0.0018248175182481751
4,374,0.0018248175182481751
4,401,0.0018248175182481751
12,11,0.0013531799729364006
12,13,0.0013531799729364006
12,17,0.018944519621109608
12,30,0.0013531799729364006
12,32,0.017591339648173207
12,46,0.0013531799729364006
12,55,0.0013531799729364006
12,57,0.0027063599458728013
12,59,0.0027063599458728013
12,64,0.006765899864682003
12,74,0.0013531799729364006
12,84,0.010825439783491205
12,89,0.009472259810554804
12,91,0.0013531799729364006
12,254,0.0013531799729364006
12,392,0.013531799729364006
18,0,0.002347417840375587
18,2,0.002347417840375587
18,9,0.002347417840375587
18,14,0.002347417840375587
18,28,0.002347417840375587
18,42,0.004694835680751174
18,46,0.004694835680751174
18,50,0.004694835680751174
18,54,0.014084507042253521
18,55,0.002347417840375587
18,57,0.002347417840375587
18,59,0.009389671361502348
18,68,0.07746478873239436
18,79,0.007042253521126761
18,85,0.002347417840375587
18,442,0.007042253521126761
25,4,0.001466275659824047
25,17,0.001466275659824047
25,18,0.001466275659824047
25,24,0.017595307917888565
25,27,0.010263929618768328
25,30,0.001466275659824047
25,32,0.001466275659824047
25,48,0.001466275659824047
25,53,0.001466275659824047
25,54,0.001466275659824047
25,55,0.002932551319648094
25,57,0.005865102639296188
25,58,0.004398826979472141
25,61,0.011730205278592375
25,64,0.008797653958944282
25,71,0.001466275659824047
25,74,0.002932551319648094
25,75,0.001466275659824047
25,77,0.001466275659824047
25,80,0.002932551319648094
25,87,0.001466275659824047
25,89,0.002932551319648094
25,123,0.001466275659824047
25,286,0.001466275659824047
25,401,0.017595307917888565
30,3,0.0018484288354898336
30,4,0.0018484288354898336
30,11,0.0018484288354898336
30,17,0.0018484288354898336
30,21,0.0018484288354898336
30,32,0.0018484288354898336
30,47,0.0018484288354898336
30,70,0.0018484288354898336
30,72,0.0036968576709796672
30,88,0.0018484288354898336
30,89,0.0018484288354898336
30,160,0.0018484288354898336
30,246,0.0018484288354898336
30,306,0.0036968576709796672
46,0,0.010238907849829351
46,4,0.0034129692832764505
46,9,0.0034129692832764505
46,11,0.0034129692832764505
46,12,0.006825938566552901
46,17,0.013651877133105802
46,18,0.0034129692832764505
46,20,0.0034129692832764505
46,24,0.006825938566552901
46,25,0.0034129692832764505
46,26,0.010238907849829351
46,28,0.0034129692832764505
46,30,0.0034129692832764505
46,32,0.0034129692832764505
46,36,0.006825938566552901
46,38,0.0034129692832764505
46,50,0.0034129692832764505
46,54,0.0034129692832764505
46,64,0.0034129692832764505
46,70,0.006825938566552901
46,76,0.03754266211604096
46,77,0.0034129692832764505
46,80,0.010238907849829351
46,87,0.0034129692832764505
46,89,0.006825938566552901
46,286,0.0034129692832764505
46,325,0.0034129692832764505
46,358,0.006825938566552901
46,367,0.0034129692832764505
55,4,0.0012987012987012987
55,5,0.0025974025974025974
55,9,0.0025974025974025974
55,13,0.0025974025974025974
55,14,0.0012987012987012987
55,18,0.0012987012987012987
55,25,0.0012987012987012987
55,27,0.0012987012987012987
55,53,0.005194805194805195
55,59,0.0025974025974025974
55,61,0.0012987012987012987
55,68,0.003896103896103896
55,79,0.0012987012987012987
55,88,0.016883116883116882
55,90,0.012987012987012988
55,165,0.0025974025974025974
55,179,0.0012987012987012987
55,401,0.0012987012987012987
58,0,0.001303780964797914
58,4,0.007822685788787484
58,6,0.01694915254237288
58,15,0.003911342894393742
58,25,0.001303780964797914
58,30,0.002607561929595828
58,35,0.00651890482398957
58,46,0.001303780964797914
58,54,0.001303780964797914
58,55,0.00651890482398957
58,59,0.001303780964797914
58,60,0.001303780964797914
58,64,0.001303780964797914
58,74,0.007822685788787484
58,76,0.001303780964797914
58,81,0.00651890482398957
58,82,0.001303780964797914
58,84,0.002607561929595828
58,148,0.002607561929595828
58,149,0.002607561929595828
58,165,0.001303780964797914
58,250,0.007822685788787484
58,367,0.001303780964797914
58,411,0.001303780964797914
58,437,0.001303780964797914
59,0,0.0025906735751295338
59,4,0.0025906735751295338
59,8,0.0012953367875647669
59,10,0.0012953367875647669
59,13,0.0012953367875647669
59,14,0.012953367875647668
59,18,0.0012953367875647669
59,24,0.0025906735751295338
59,25,0.006476683937823834
59,27,0.0012953367875647669
59,36,0.0012953367875647669
59,37,0.0025906735751295338
59,54,0.0038860103626943004
59,55,0.0012953367875647669
59,58,0.0012953367875647669
59,60,0.0012953367875647669
59,61,0.0025906735751295338
59,71,0.0025906735751295338
59,74,0.0025906735751295338
59,76,0.0012953367875647669
59,77,0.0012953367875647669
59,79,0.0012953367875647669
59,86,0.0012953367875647669
59,87,0.0051813471502590676
59,88,0.006476683937823834
59,179,0.0012953367875647669
59,374,0.0012953367875647669
74,0,0.0014124293785310734
74,11,0.0014124293785310734
74,12,0.002824858757062147
74,14,0.0014124293785310734
74,17,0.005649717514124294
74,18,0.0014124293785310734
74,24,0.0014124293785310734
74,25,0.0014124293785310734
74,26,0.0014124293785310734
74,27,0.002824858757062147
74,28,0.0014124293785310734
74,33,0.002824858757062147
74,37,0.0014124293785310734
74,48,0.0014124293785310734
74,58,0.011299435028248588
74,59,0.002824858757062147
74,64,0.011299435028248588
74,65,0.0014124293785310734
74,68,0.002824858757062147
74,72,0.002824858757062147
74,77,0.0014124293785310734
74,79,0.0014124293785310734
74,81,0.022598870056497175
74,85,0.002824858757062147
74,86,0.0014124293785310734
74,89,0.00423728813559322
74,91,0.0014124293785310734
76,0,0.009569377990430622
76,2,0.004784688995215311
76,9,0.004784688995215311
76,12,0.009569377990430622
76,21,0.004784688995215311
76,23,0.004784688995215311
76,26,0.014354066985645933
76,27,0.004784688995215311
76,35,0.004784688995215311
76,46,0.07177033492822966
76,50,0.004784688995215311
76,55,0.014354066985645933
76,59,0.004784688995215311
76,66,0.009569377990430622
76,68,0.009569377990430622
76,77,0.009569377990430622
76,85,0.004784688995215311
76,87,0.014354066985645933
76,148,0.014354066985645933
76,325,0.004784688995215311
76,358,0.019138755980861243
77,0,0.002079002079002079
77,4,0.002079002079002079
77,5,0.012474012474012475
77,7,0.010395010395010396
77,10,0.002079002079002079
77,24,0.002079002079002079
77,25,0.010395010395010396
77,27,0.002079002079002079
77,36,0.006237006237006237
77,37,0.004158004158004158
77,42,0.002079002079002079
77,46,0.002079002079002079
77,51,0.002079002079002079
77,54,0.002079002079002079
77,59,0.002079002079002079
77,63,0.018711018711018712
77,80,0.002079002079002079
77,85,0.002079002079002079
77,87,0.002079002079002079
77,88,0.004158004158004158
77,254,0.004158004158004158
77,367,0.002079002079002079
77,401,0.002079002079002079
85,0,0.0017241379310344827
85,2,0.005172413793103448
85,9,0.0017241379310344827
85,12,0.0017241379310344827
85,17,0.005172413793103448
85,36,0.0034482758620689655
85,42,0.01206896551724138
85,43,0.0017241379310344827
85,51,0.0017241379310344827
85,53,0.0017241379310344827
85,54,0.0017241379310344827
85,63,0.0017241379310344827
85,65,0.0017241379310344827
85,72,0.0034482758620689655
85,73,0.0017241379310344827
85,74,0.0017241379310344827
85,77,0.0034482758620689655
85,79,0.008620689655172414
85,87,0.010344827586206896
85,91,0.0017241379310344827
85,165,0.0034482758620689655
85,408,0.008620689655172414
86,0,0.004454342984409799
86,2,0.004454342984409799
86,4,0.0022271714922048997
86,17,0.0022271714922048997
86,24,0.004454342984409799
86,36,0.004454342984409799
86,37,0.0022271714922048997
86,46,0.0066815144766146995
86,54,0.011135857461024499
86,55,0.004454342984409799
86,59,0.011135857461024499
86,60,0.008908685968819599
86,61,0.0022271714922048997
86,71,0.004454342984409799
86,73,0.0022271714922048997
86,74,0.0022271714922048997
86,77,0.0022271714922048997
86,79,0.0022271714922048997
86,85,0.0022271714922048997
86,87,0.004454342984409799
86,160,0.0066815144766146995
86,179,0.0022271714922048997
86,246,0.004454342984409799
86,259,0.0022271714922048997
87,0,0.0038535645472061657
87,2,0.0019267822736030828
87,4,0.0019267822736030828
87,9,0.0038535645472061657
87,10,0.0019267822736030828
87,14,0.0019267822736030828
87,24,0.0019267822736030828
87,25,0.0038535645472061657
87,33,0.0019267822736030828
87,46,0.0019267822736030828
87,50,0.0019267822736030828
87,53,0.007707129094412331
87,54,0.0038535645472061657
87,55,0.005780346820809248
87,58,0.0019267822736030828
87,59,0.005780346820809248
87,61,0.0019267822736030828
87,65,0.0019267822736030828
87,70,0.0019267822736030828
87,71,0.007707129094412331
87,76,0.0038535645472061657
87,77,0.0019267822736030828
87,79,0.0038535645472061657
87,82,0.0019267822736030828
87,84,0.0019267822736030828
87,85,0.005780346820809248
87,88,0.017341040462427744
87,90,0.0019267822736030828
87,149,0.0038535645472061657
87,157,0.0019267822736030828
87,174,0.0019267822736030828
87,179,0.005780346820809248
87,286,0.0038535645472061657
87,358,0.0019267822736030828
87,365,0.005780346820809248
87,374,0.0019267822736030828
87,401,0.005780346820809248
87,411,0.0038535645472061657
87,438,0.0019267822736030828
87,442,0.0019267822736030828
87,463,0.0019267822736030828
374,0,0.008620689655172414
374,353,0.020114942528735632
374,401,0.020114942528735632
401,4,0.0023752969121140144
401,25,0.0023752969121140144
401,55,0.0011876484560570072
401,87,0.0023752969121140144
401,149,0.0011876484560570072
401,153,0.0011876484560570072
401,179,0.0023752969121140144
401,254,0.0011876484560570072
401,374,0.0011876484560570072
401,442,0.0011876484560570072
1,11,0.006309148264984227
1,15,0.0031545741324921135
1,17,0.0031545741324921135
1,20,0.0031545741324921135
1,21,0.006309148264984227
1,30,0.0031545741324921135
1,39,0.0031545741324921135
1,51,0.012618296529968454
1,52,0.0031545741324921135
1,66,0.022082018927444796
1,72,0.0031545741324921135
1,80,0.0031545741324921135
1,89,0.0031545741324921135
1,459,0.0031545741324921135
11,0,0.004073319755600814
11,1,0.004073319755600814
11,5,0.002036659877800407
11,7,0.004073319755600814
11,13,0.004073319755600814
11,17,0.002036659877800407
11,20,0.002036659877800407
11,24,0.002036659877800407
11,26,0.004073319755600814
11,35,0.002036659877800407
11,40,0.002036659877800407
11,51,0.002036659877800407
11,52,0.006109979633401222
11,65,0.002036659877800407
11,68,0.008146639511201629
11,72,0.002036659877800407
11,74,0.004073319755600814
11,75,0.002036659877800407
11,89,0.004073319755600814
15,3,0.0014044943820224719
15,8,0.0028089887640449437
15,9,0.004213483146067416
15,13,0.0028089887640449437
15,17,0.0028089887640449437
15,20,0.0014044943820224719
15,22,0.0014044943820224719
15,23,0.0014044943820224719
15,24,0.0014044943820224719
15,25,0.0014044943820224719
15,28,0.0014044943820224719
15,32,0.0028089887640449437
15,33,0.0014044943820224719
15,36,0.0014044943820224719
15,39,0.0028089887640449437
15,46,0.0014044943820224719
15,58,0.0056179775280898875
15,60,0.004213483146067416
15,66,0.0014044943820224719
15,68,0.0056179775280898875
15,73,0.0014044943820224719
15,79,0.0014044943820224719
15,80,0.0014044943820224719
15,185,0.0028089887640449437
17,1,0.0005260389268805891
17,7,0.0005260389268805891
17,12,0.004208311415044713
17,13,0.0021041557075223566
17,16,0.0015781167806417674
17,18,0.0005260389268805891
17,22,0.0015781167806417674
17,23,0.0010520778537611783
17,26,0.0010520778537611783
17,30,0.0010520778537611783
17,32,0.008416622830089426
17,33,0.0005260389268805891
17,45,0.0005260389268805891
17,46,0.0010520778537611783
17,48,0.0005260389268805891
17,54,0.0005260389268805891
17,58,0.0010520778537611783
17,61,0.0005260389268805891
17,66,0.0005260389268805891
17,72,0.0010520778537611783
17,73,0.0005260389268805891
17,74,0.0015781167806417674
17,75,0.0005260389268805891
17,80,0.0005260389268805891
17,81,0.0010520778537611783
17,83,0.0005260389268805891
17,89,0.0005260389268805891
17,134,0.0026301946344029457
17,149,0.0026301946344029457
17,157,0.0005260389268805891
17,259,0.0015781167806417674
17,322,0.0005260389268805891
17,409,0.0005260389268805891
20,1,0.007058823529411765
20,3,0.002352941176470588
20,8,0.002352941176470588
20,11,0.002352941176470588
20,13,0.002352941176470588
20,15,0.007058823529411765
20,17,0.002352941176470588
20,23,0.002352941176470588
20,38,0.011764705882352941
20,40,0.002352941176470588
20,51,0.002352941176470588
20,66,0.002352941176470588
20,72,0.007058823529411765
20,74,0.004705882352941176
20,78,0.009411764705882352
20,89,0.002352941176470588
20,91,0.002352941176470588
20,157,0.004705882352941176
21,1,0.007633587786259542
21,2,0.003816793893129771
21,7,0.003816793893129771
21,11,0.003816793893129771
21,12,0.003816793893129771
21,32,0.007633587786259542
21,39,0.011450381679389313
21,40,0.007633587786259542
21,47,0.003816793893129771
21,66,0.05725190839694656
21,68,0.003816793893129771
21,72,0.003816793893129771
21,73,0.007633587786259542
21,80,0.003816793893129771
21,90,0.003816793893129771
21,413,0.003816793893129771
39,1,0.004132231404958678
39,7,0.004132231404958678
39,15,0.008264462809917356
39,17,0.004132231404958678
39,21,0.008264462809917356
39,23,0.004132231404958678
39,32,0.004132231404958678
39,40,0.004132231404958678
39,47,0.008264462809917356
39,89,0.09504132231404959
39,91,0.004132231404958678
39,294,0.004132231404958678
51,1,0.02027027027027027
51,8,0.006756756756756757
51,11,0.0033783783783783786
51,15,0.010135135135135136
51,17,0.0033783783783783786
51,20,0.006756756756756757
51,22,0.006756756756756757
51,23,0.0033783783783783786
51,29,0.006756756756756757
51,47,0.006756756756756757
51,54,0.0033783783783783786
51,72,0.013513513513513514
51,73,0.0033783783783783786
51,78,0.013513513513513514
51,409,0.0033783783783783786
52,1,0.005865102639296188
52,5,0.002932551319648094
52,8,0.017595307917888565
52,11,0.005865102639296188
52,17,0.03225806451612903
52,27,0.002932551319648094
52,33,0.002932551319648094
52,35,0.002932551319648094
52,43,0.002932551319648094
52,51,0.008797653958944282
52,57,0.04105571847507331
52,66,0.002932551319648094
52,70,0.002932551319648094
52,72,0.005865102639296188
52,74,0.002932551319648094
52,79,0.002932551319648094
52,82,0.002932551319648094
52,83,0.002932551319648094
52,291,0.002932551319648094
52,347,0.002932551319648094
66,1,0.021739130434782608
66,5,0.002717391304347826
66,11,0.002717391304347826
66,15,0.010869565217391304
66,21,0.03804347826086957
66,23,0.005434782608695652
66,24,0.002717391304347826
66,25,0.002717391304347826
66,26,0.002717391304347826
66,28,0.002717391304347826
66,32,0.008152173913043478
66,38,0.002717391304347826
66,40,0.008152173913043478
66,45,0.002717391304347826
66,47,0.005434782608695652
66,54,0.005434782608695652
66,57,0.002717391304347826
66,64,0.002717391304347826
66,72,0.016304347826086956
66,74,0.002717391304347826
66,80,0.002717391304347826
66,82,0.002717391304347826
66,89,0.002717391304347826
66,91,0.002717391304347826
66,185,0.005434782608695652
66,413,0.010869565217391304
72,3,0.0011560693641618498
72,8,0.005780346820809248
72,17,0.005780346820809248
72,21,0.0023121387283236996
72,32,0.0023121387283236996
72,35,0.0011560693641618498
72,38,0.0023121387283236996
72,41,0.0023121387283236996
72,44,0.0011560693641618498
72,53,0.0011560693641618498
72,54,0.0011560693641618498
72,66,0.0023121387283236996
72,87,0.0011560693641618498
72,91,0.0011560693641618498
72,165,0.0011560693641618498
72,185,0.004624277456647399
72,459,0.0023121387283236996
80,1,0.01556420233463035
80,5,0.0038910505836575876
80,7,0.011673151750972763
80,15,0.027237354085603113
80,17,0.0038910505836575876
80,20,0.0038910505836575876
80,21,0.011673151750972763
80,23,0.007782101167315175
80,25,0.0038910505836575876
80,26,0.007782101167315175
80,30,0.0038910505836575876
80,32,0.0038910505836575876
80,38,0.0038910505836575876
80,39,0.007782101167315175
80,40,0.0038910505836575876
80,46,0.04669260700389105
80,51,0.0038910505836575876
80,54,0.0038910505836575876
80,66,0.0038910505836575876
80,72,0.007782101167315175
80,77,0.0038910505836575876
80,79,0.0038910505836575876
80,271,0.0038910505836575876
80,294,0.0038910505836575876
80,399,0.011673151750972763
89,1,0.001218026796589525
89,4,0.001218026796589525
89,5,0.001218026796589525
89,11,0.00243605359317905
89,12,0.015834348355663823
89,17,0.00243605359317905
89,18,0.001218026796589525
89,20,0.001218026796589525
89,23,0.00243605359317905
89,38,0.001218026796589525
89,39,0.0036540803897685747
89,46,0.00243605359317905
89,47,0.001218026796589525
89,64,0.0048721071863581
89,68,0.001218026796589525
89,72,0.001218026796589525
89,74,0.0036540803897685747
89,294,0.001218026796589525
89,360,0.001218026796589525
89,383,0.00243605359317905
89,459,0.001218026796589525
89,471,0.001218026796589525
459,41,0.0015037593984962407
459,72,0.0030075187969924814
459,89,0.0015037593984962407
459,220,0.0015037593984962407
459,380,0.0015037593984962407
459,411,0.0015037593984962407
459,437,0.012030075187969926
2,9,0.0027247956403269754
2,18,0.0027247956403269754
2,24,0.0027247956403269754
2,36,0.0326975476839237
2,37,0.005449591280653951
2,42,0.0027247956403269754
2,64,0.005449591280653951
2,68,0.0027247956403269754
2,73,0.0027247956403269754
2,77,0.0027247956403269754
2,85,0.0027247956403269754
2,90,0.0027247956403269754
2,91,0.005449591280653951
2,189,0.0027247956403269754
2,374,0.005449591280653951
9,0,0.0036101083032490976
9,10,0.0036101083032490976
9,14,0.01444043321299639
9,15,0.0036101083032490976
9,18,0.007220216606498195
9,24,0.007220216606498195
9,25,0.0036101083032490976
9,54,0.007220216606498195
9,55,0.0036101083032490976
9,59,0.0036101083032490976
9,61,0.01444043321299639
9,64,0.01444043321299639
9,65,0.0036101083032490976
9,73,0.0036101083032490976
9,79,0.0036101083032490976
9,81,0.007220216606498195
9,85,0.007220216606498195
9,86,0.0036101083032490976
9,87,0.01444043321299639
9,88,0.0036101083032490976
9,89,0.0036101083032490976
9,90,0.007220216606498195
9,91,0.0036101083032490976
24,2,0.0022675736961451248
24,4,0.0045351473922902496
24,9,0.0022675736961451248
24,11,0.0022675736961451248
24,14,0.0045351473922902496
24,17,0.0022675736961451248
24,25,0.02040816326530612
24,26,0.0045351473922902496
24,27,0.0045351473922902496
24,36,0.0022675736961451248
24,37,0.0045351473922902496
24,46,0.0045351473922902496
24,53,0.009070294784580499
24,55,0.006802721088435374
24,57,0.0045351473922902496
24,59,0.0045351473922902496
24,64,0.0022675736961451248
24,68,0.0022675736961451248
24,74,0.0022675736961451248
24,77,0.0022675736961451248
24,86,0.0022675736961451248
24,87,0.0022675736961451248
24,286,0.0045351473922902496
24,401,0.024943310657596373
36,2,0.03617571059431524
36,20,0.00516795865633075
36,23,0.002583979328165375
36,42,0.002583979328165375
36,50,0.002583979328165375
36,59,0.002583979328165375
36,79,0.002583979328165375
36,88,0.002583979328165375
37,2,0.00425531914893617
37,4,0.00425531914893617
37,7,0.00425531914893617
37,16,0.01276595744680851
37,18,0.00425531914893617
37,24,0.00425531914893617
37,25,0.00425531914893617
37,46,0.00425531914893617
37,54,0.00851063829787234
37,59,0.01276595744680851
37,61,0.00425531914893617
37,71,0.01702127659574468
37,77,0.00851063829787234
37,88,0.00851063829787234
42,2,0.005050505050505051
42,5,0.005050505050505051
42,9,0.005050505050505051
42,12,0.005050505050505051
42,17,0.010101010101010102
42,18,0.005050505050505051
42,36,0.010101010101010102
42,53,0.015151515151515152
42,54,0.015151515151515152
42,58,0.005050505050505051
42,74,0.010101010101010102
42,79,0.005050505050505051
42,85,0.05555555555555555
42,165,0.005050505050505051
42,286,0.005050505050505051
42,408,0.020202020202020204
64,2,0.009408602150537635
64,4,0.0013440860215053765
64,6,0.0013440860215053765
64,9,0.005376344086021506
64,12,0.009408602150537635
64,13,0.002688172043010753
64,14,0.0013440860215053765
64,17,0.002688172043010753
64,21,0.0013440860215053765
64,24,0.002688172043010753
64,25,0.006720430107526882
64,30,0.002688172043010753
64,32,0.002688172043010753
64,33,0.0013440860215053765
64,37,0.0013440860215053765
64,40,0.002688172043010753
64,46,0.005376344086021506
64,50,0.0013440860215053765
64,54,0.0013440860215053765
64,58,0.002688172043010753
64,61,0.004032258064516129
64,63,0.004032258064516129
64,66,0.002688172043010753
64,68,0.002688172043010753
64,73,0.0013440860215053765
64,74,0.008064516129032258
64,77,0.0013440860215053765
64,85,0.0013440860215053765
64,88,0.0013440860215053765
64,89,0.009408602150537635
64,90,0.0013440860215053765
64,91,0.0013440860215053765
68,2,0.0032520325203252032
68,7,0.0016260162601626016
68,11,0.0032520325203252032
68,12,0.0016260162601626016
68,13,0.0016260162601626016
68,18,0.026016260162601626
68,21,0.0016260162601626016
68,22,0.0016260162601626016
68,24,0.0016260162601626016
68,27,0.0016260162601626016
68,32,0.0016260162601626016
68,35,0.0016260162601626016
68,46,0.0016260162601626016
68,55,0.004878048780487805
68,56,0.0016260162601626016
68,57,0.0032520325203252032
68,59,0.0032520325203252032
68,74,0.0016260162601626016
68,77,0.0016260162601626016
68,89,0.0016260162601626016
68,91,0.0016260162601626016
73,1,0.01026694045174538
73,13,0.002053388090349076
73,14,0.004106776180698152
73,15,0.012320328542094456
73,17,0.004106776180698152
73,18,0.002053388090349076
73,20,0.002053388090349076
73,21,0.01026694045174538
73,23,0.002053388090349076
73,28,0.002053388090349076
73,32,0.006160164271047228
73,39,0.004106776180698152
73,46,0.002053388090349076
73,51,0.004106776180698152
73,54,0.004106776180698152
73,57,0.002053388090349076
73,64,0.002053388090349076
73,66,0.002053388090349076
73,67,0.002053388090349076
73,72,0.006160164271047228
73,85,0.004106776180698152
73,89,0.002053388090349076
73,91,0.006160164271047228
73,191,0.002053388090349076
73,291,0.002053388090349076
73,306,0.002053388090349076
73,380,0.002053388090349076
73,409,0.002053388090349076
90,2,0.002967359050445104
90,9,0.005934718100890208
90,10,0.002967359050445104
90,13,0.002967359050445104
90,14,0.005934718100890208
90,17,0.002967359050445104
90,21,0.002967359050445104
90,25,0.002967359050445104
90,27,0.005934718100890208
90,28,0.005934718100890208
90,30,0.002967359050445104
90,53,0.002967359050445104
90,54,0.002967359050445104
90,55,0.13056379821958458
90,61,0.002967359050445104
90,71,0.01483679525222552
90,79,0.002967359050445104
90,84,0.002967359050445104
90,87,0.002967359050445104
90,88,0.002967359050445104
90,361,0.002967359050445104
91,2,0.004123711340206186
91,8,0.004123711340206186
91,12,0.002061855670103093
91,17,0.008247422680412371
91,21,0.004123711340206186
91,24,0.002061855670103093
91,33,0.006185567010309278
91,40,0.002061855670103093
91,64,0.002061855670103093
91,68,0.002061855670103093
91,73,0.004123711340206186
91,85,0.004123711340206186
91,286,0.002061855670103093
189,160,0.008264462809917356
189,294,0.01652892561983471
3,4,0.003770028275212064
3,8,0.000942507068803016
3,17,0.001885014137606032
3,22,0.000942507068803016
3,32,0.015080113100848256
3,38,0.000942507068803016
3,39,0.000942507068803016
3,47,0.000942507068803016
3,50,0.000942507068803016
3,58,0.000942507068803016
3,62,0.000942507068803016
3,68,0.001885014137606032
3,72,0.00471253534401508
3,81,0.000942507068803016
3,83,0.001885014137606032
3,87,0.000942507068803016
3,165,0.000942507068803016
3,246,0.000942507068803016
3,401,0.000942507068803016
3,409,0.000942507068803016
3,437,0.003770028275212064
8,3,0.002777777777777778
8,13,0.002777777777777778
8,15,0.002777777777777778
8,16,0.002777777777777778
8,17,0.002777777777777778
8,22,0.008333333333333333
8,25,0.002777777777777778
8,32,0.002777777777777778
8,33,0.002777777777777778
8,47,0.011111111111111112
8,52,0.011111111111111112
8,60,0.002777777777777778
8,66,0.002777777777777778
8,72,0.022222222222222223
8,80,0.002777777777777778
8,91,0.005555555555555556
8,271,0.002777777777777778
22,1,0.0010695187165775401
22,3,0.0010695187165775401
22,8,0.0053475935828877
22,17,0.0053475935828877
22,20,0.0010695187165775401
22,21,0.0042780748663101605
22,32,0.0053475935828877
22,38,0.0010695187165775401
22,41,0.0010695187165775401
22,47,0.0032085561497326204
22,51,0.0021390374331550803
22,54,0.0010695187165775401
22,66,0.0010695187165775401
22,72,0.009625668449197862
22,89,0.0010695187165775401
22,134,0.0042780748663101605
22,144,0.0010695187165775401
22,149,0.0021390374331550803
22,185,0.0021390374331550803
22,220,0.0032085561497326204
22,258,0.0010695187165775401
22,409,0.0010695187165775401
22,437,0.0010695187165775401
32,1,0.00186219739292365
32,3,0.0037243947858473
32,7,0.002793296089385475
32,8,0.00186219739292365
32,12,0.0074487895716946
32,17,0.0446927374301676
32,21,0.00186219739292365
32,22,0.000931098696461825
32,39,0.000931098696461825
32,45,0.000931098696461825
32,51,0.002793296089385475
32,66,0.000931098696461825
32,72,0.0037243947858473
32,73,0.000931098696461825
32,80,0.000931098696461825
32,89,0.000931098696461825
32,91,0.000931098696461825
32,149,0.000931098696461825
32,244,0.000931098696461825
32,383,0.000931098696461825
32,409,0.00186219739292365
38,0,0.005208333333333333
38,8,0.005208333333333333
38,17,0.005208333333333333
38,20,0.020833333333333332
38,35,0.005208333333333333
38,39,0.005208333333333333
38,46,0.005208333333333333
38,66,0.010416666666666666
38,68,0.005208333333333333
38,72,0.010416666666666666
38,74,0.010416666666666666
38,79,0.010416666666666666
47,7,0.0015923566878980893
47,8,0.011146496815286623
47,17,0.0031847133757961785
47,22,0.0015923566878980893
47,23,0.0015923566878980893
47,32,0.0015923566878980893
47,39,0.0031847133757961785
47,40,0.004777070063694267
47,56,0.0015923566878980893
47,66,0.0031847133757961785
47,72,0.0031847133757961785
47,80,0.0015923566878980893
47,81,0.0015923566878980893
47,91,0.0015923566878980893
47,244,0.0015923566878980893
50,0,0.0022522522522522522
50,2,0.0022522522522522522
50,4,0.0022522522522522522
50,10,0.0045045045045045045
50,12,0.006756756756756757
50,15,0.0022522522522522522
50,16,0.0022522522522522522
50,17,0.0022522522522522522
50,18,0.0045045045045045045
50,24,0.0022522522522522522
50,25,0.0022522522522522522
50,35,0.02027027027027027
50,36,0.0022522522522522522
50,46,0.006756756756756757
50,54,0.015765765765765764
50,55,0.0045045045045045045
50,58,0.0022522522522522522
50,59,0.0022522522522522522
50,61,0.0022522522522522522
50,63,0.0022522522522522522
50,68,0.0022522522522522522
50,69,0.0022522522522522522
50,71,0.0045045045045045045
50,73,0.0022522522522522522
50,76,0.006756756756756757
50,77,0.0022522522522522522
50,79,0.0045045045045045045
50,84,0.0022522522522522522
50,85,0.0022522522522522522
50,86,0.0022522522522522522
50,87,0.0022522522522522522
50,88,0.0022522522522522522
50,90,0.0022522522522522522
50,149,0.0045045045045045045
50,401,0.006756756756756757
50,445,0.0022522522522522522
62,23,0.0024813895781637717
62,75,0.0024813895781637717
62,174,0.004962779156327543
62,401,0.0024813895781637717
81,3,0.004545454545454545
81,17,0.022727272727272728
81,21,0.004545454545454545
81,28,0.004545454545454545
81,30,0.004545454545454545
81,38,0.004545454545454545
81,47,0.004545454545454545
81,48,0.00909090909090909
81,56,0.004545454545454545
81,58,0.022727272727272728
81,68,0.00909090909090909
81,74,0.05909090909090909
81,79,0.004545454545454545
81,84,0.004545454545454545
81,89,0.004545454545454545
83,3,0.002044989775051125
83,8,0.002044989775051125
83,17,0.006134969325153374
83,19,0.002044989775051125
83,51,0.002044989775051125
83,54,0.002044989775051125
83,72,0.00408997955010225
165,55,0.008771929824561403
165,185,0.0043859649122807015
165,254,0.0021929824561403508
165,275,0.0021929824561403508
165,365,0.0021929824561403508
165,372,0.0021929824561403508
246,220,0.001968503937007874
246,244,0.001968503937007874
246,322,0.001968503937007874
246,472,0.001968503937007874
409,246,0.003289473684210526
409,399,0.003289473684210526
14,9,0.004754358161648178
14,12,0.003169572107765452
14,24,0.003169572107765452
14,35,0.001584786053882726
14,43,0.001584786053882726
14,46,0.003169572107765452
14,55,0.001584786053882726
14,59,0.00792393026941363
14,61,0.001584786053882726
14,73,0.006339144215530904
14,74,0.001584786053882726
14,77,0.001584786053882726
14,82,0.004754358161648178
14,84,0.001584786053882726
14,87,0.003169572107765452
14,91,0.003169572107765452
14,148,0.001584786053882726
14,365,0.001584786053882726
27,0,0.002512562814070352
27,1,0.002512562814070352
27,4,0.002512562814070352
27,11,0.002512562814070352
27,12,0.002512562814070352
27,16,0.002512562814070352
27,17,0.005025125628140704
27,18,0.002512562814070352
27,24,0.002512562814070352
27,25,0.007537688442211055
27,26,0.002512562814070352
27,28,0.002512562814070352
27,30,0.002512562814070352
27,37,0.002512562814070352
27,43,0.002512562814070352
27,49,0.002512562814070352
27,50,0.002512562814070352
27,51,0.002512562814070352
27,55,0.002512562814070352
27,57,0.007537688442211055
27,59,0.005025125628140704
27,61,0.022613065326633167
27,65,0.002512562814070352
27,74,0.002512562814070352
27,75,0.002512562814070352
27,77,0.002512562814070352
27,81,0.002512562814070352
27,82,0.007537688442211055
27,85,0.002512562814070352
27,86,0.002512562814070352
79,2,0.0018315018315018315
79,4,0.005494505494505495
79,7,0.0018315018315018315
79,9,0.0018315018315018315
79,17,0.0018315018315018315
79,18,0.003663003663003663
79,28,0.003663003663003663
79,35,0.0018315018315018315
79,36,0.003663003663003663
79,37,0.0018315018315018315
79,38,0.0018315018315018315
79,42,0.003663003663003663
79,48,0.005494505494505495
79,50,0.0018315018315018315
79,55,0.0018315018315018315
79,56,0.01098901098901099
79,57,0.0018315018315018315
79,59,0.0018315018315018315
79,60,0.0018315018315018315
79,74,0.0018315018315018315
79,81,0.003663003663003663
79,85,0.007326007326007326
79,87,0.005494505494505495
79,367,0.0018315018315018315
84,11,0.0030864197530864196
84,12,0.07098765432098765
84,13,0.0030864197530864196
84,14,0.009259259259259259
84,16,0.0030864197530864196
84,24,0.0030864197530864196
84,25,0.0030864197530864196
84,26,0.0030864197530864196
84,30,0.006172839506172839
84,35,0.0030864197530864196
84,43,0.0030864197530864196
84,50,0.0030864197530864196
84,54,0.0030864197530864196
84,55,0.006172839506172839
84,59,0.009259259259259259
84,63,0.0030864197530864196
84,65,0.0030864197530864196
84,71,0.0030864197530864196
84,73,0.0030864197530864196
84,74,0.0030864197530864196
84,77,0.006172839506172839
84,85,0.0030864197530864196
84,88,0.021604938271604937
84,90,0.0030864197530864196
84,91,0.0030864197530864196
84,254,0.006172839506172839
84,325,0.0030864197530864196
84,355,0.0030864197530864196
84,392,0.027777777777777776
88,2,0.0009718172983479105
88,4,0.003887269193391642
88,9,0.004859086491739553
88,14,0.0009718172983479105
88,16,0.0009718172983479105
88,17,0.0009718172983479105
88,25,0.0009718172983479105
88,27,0.0009718172983479105
88,30,0.001943634596695821
88,35,0.003887269193391642
88,37,0.0009718172983479105
88,48,0.001943634596695821
88,53,0.0009718172983479105
88,55,0.008746355685131196
88,57,0.0009718172983479105
88,60,0.0009718172983479105
88,64,0.001943634596695821
88,65,0.004859086491739553
88,70,0.0009718172983479105
88,71,0.0009718172983479105
88,73,0.0009718172983479105
88,77,0.001943634596695821
88,84,0.004859086491739553
88,87,0.006802721088435374
88,291,0.001943634596695821
88,463,0.0009718172983479105
149,4,0.000792393026941363
149,50,0.000792393026941363
149,61,0.001584786053882726
149,254,0.000792393026941363
149,373,0.000792393026941363
149,442,0.001584786053882726
179,4,0.005970149253731343
179,14,0.0029850746268656717
179,55,0.0029850746268656717
179,58,0.0029850746268656717
179,59,0.005970149253731343
179,87,0.0029850746268656717
179,115,0.0029850746268656717
179,134,0.0029850746268656717
179,148,0.0029850746268656717
179,153,0.0029850746268656717
179,160,0.005970149253731343
179,254,0.020895522388059702
179,291,0.0029850746268656717
179,320,0.0029850746268656717
179,325,0.008955223880597015
179,347,0.005970149253731343
179,365,0.005970149253731343
179,367,0.008955223880597015
179,372,0.0029850746268656717
179,374,0.0029850746268656717
179,392,0.011940298507462687
179,401,0.01791044776119403
179,408,0.005970149253731343
250,58,0.00823045267489712
250,93,0.00411522633744856
286,24,0.0010526315789473684
286,25,0.0010526315789473684
286,53,0.0010526315789473684
286,149,0.0010526315789473684
5,26,0.003937007874015748
5,35,0.007874015748031496
5,46,0.01968503937007874
5,55,0.011811023622047244
5,77,0.011811023622047244
5,80,0.003937007874015748
5,157,0.003937007874015748
5,306,0.011811023622047244
26,1,0.0014749262536873156
26,3,0.0014749262536873156
26,7,0.0014749262536873156
26,11,0.0058997050147492625
26,12,0.0014749262536873156
26,15,0.0058997050147492625
26,17,0.004424778761061947
26,18,0.0014749262536873156
26,20,0.0014749262536873156
26,21,0.004424778761061947
26,22,0.0029498525073746312
26,24,0.0014749262536873156
26,25,0.0029498525073746312
26,27,0.0058997050147492625
26,28,0.0014749262536873156
26,30,0.0014749262536873156
26,33,0.004424778761061947
26,44,0.0014749262536873156
26,46,0.0014749262536873156
26,47,0.0014749262536873156
26,56,0.0029498525073746312
26,57,0.004424778761061947
26,58,0.0014749262536873156
26,66,0.0029498525073746312
26,67,0.0029498525073746312
26,68,0.0014749262536873156
26,72,0.011799410029498525
26,73,0.0014749262536873156
26,74,0.004424778761061947
26,78,0.0029498525073746312
26,80,0.0029498525073746312
26,81,0.0014749262536873156
26,84,0.0029498525073746312
26,86,0.0014749262536873156
26,89,0.0029498525073746312
35,5,0.01152073732718894
35,7,0.002304147465437788
35,30,0.002304147465437788
35,38,0.002304147465437788
35,50,0.009216589861751152
35,53,0.0069124423963133645
35,55,0.002304147465437788
35,56,0.002304147465437788
35,58,0.0069124423963133645
35,59,0.002304147465437788
35,60,0.002304147465437788
35,61,0.0069124423963133645
35,68,0.004608294930875576
35,72,0.004608294930875576
35,76,0.002304147465437788
35,78,0.002304147465437788
35,84,0.002304147465437788
35,87,0.004608294930875576
35,88,0.013824884792626729
35,89,0.004608294930875576
35,90,0.002304147465437788
35,148,0.009216589861751152
157,5,0.002188183807439825
157,358,0.002188183807439825
306,246,0.002652519893899204
6,8,0.008547008547008548
6,29,0.008547008547008548
6,42,0.004273504273504274
6,54,0.017094017094017096
6,55,0.004273504273504274
6,58,0.02564102564102564
6,62,0.004273504273504274
6,64,0.004273504273504274
6,73,0.004273504273504274
6,91,0.008547008547008548
29,0,0.00641025641025641
29,6,0.01282051282051282
29,17,0.00641025641025641
29,26,0.01282051282051282
29,30,0.02564102564102564
29,51,0.11538461538461539
29,61,0.00641025641025641
29,71,0.03205128205128205
29,74,0.00641025641025641
29,365,0.01282051282051282
29,411,0.00641025641025641
54,2,0.0012033694344163659
54,3,0.0036101083032490976
54,12,0.0012033694344163659
54,17,0.0036101083032490976
54,18,0.0036101083032490976
54,25,0.0012033694344163659
54,30,0.0024067388688327317
54,32,0.0024067388688327317
54,46,0.0012033694344163659
54,50,0.0012033694344163659
54,55,0.0012033694344163659
54,59,0.0024067388688327317
54,61,0.0036101083032490976
54,66,0.0012033694344163659
54,72,0.0012033694344163659
54,74,0.0012033694344163659
54,77,0.0012033694344163659
54,85,0.0012033694344163659
54,88,0.0024067388688327317
54,149,0.0036101083032490976
54,353,0.0012033694344163659
54,361,0.0012033694344163659
54,445,0.0012033694344163659
7,8,0.0016750418760469012
7,11,0.005025125628140704
7,17,0.006700167504187605
7,19,0.010050251256281407
7,21,0.005025125628140704
7,23,0.0016750418760469012
7,26,0.0016750418760469012
7,28,0.0016750418760469012
7,32,0.0033500837520938024
7,37,0.0016750418760469012
7,39,0.0016750418760469012
7,47,0.005025125628140704
7,54,0.0016750418760469012
7,56,0.0033500837520938024
7,68,0.0033500837520938024
7,72,0.0016750418760469012
7,74,0.0016750418760469012
7,77,0.008375209380234505
7,79,0.0033500837520938024
7,80,0.005025125628140704
7,83,0.0016750418760469012
7,472,0.008375209380234505
19,3,0.009900990099009901
19,7,0.06435643564356436
19,8,0.0049504950495049506
19,17,0.009900990099009901
19,20,0.0049504950495049506
19,23,0.009900990099009901
19,28,0.0049504950495049506
19,30,0.009900990099009901
19,32,0.0297029702970297
19,39,0.0049504950495049506
19,54,0.0049504950495049506
19,72,0.009900990099009901
19,78,0.009900990099009901
19,83,0.0049504950495049506
19,89,0.0049504950495049506
19,437,0.0049504950495049506
23,1,0.0023584905660377358
23,7,0.0023584905660377358
23,15,0.007075471698113208
23,17,0.01179245283018868
23,19,0.0023584905660377358
23,21,0.0023584905660377358
23,26,0.0023584905660377358
23,32,0.0047169811320754715
23,39,0.0023584905660377358
23,45,0.007075471698113208
23,47,0.007075471698113208
23,49,0.0023584905660377358
23,51,0.007075471698113208
23,56,0.0047169811320754715
23,62,0.0023584905660377358
23,64,0.0023584905660377358
23,72,0.007075471698113208
23,87,0.018867924528301886
23,89,0.0047169811320754715
23,91,0.0023584905660377358
28,15,0.004201680672268907
28,18,0.004201680672268907
28,40,0.004201680672268907
28,73,0.004201680672268907
28,79,0.01680672268907563
56,2,0.005128205128205128
56,4,0.010256410256410256
56,7,0.005128205128205128
56,9,0.005128205128205128
56,14,0.005128205128205128
56,17,0.005128205128205128
56,18,0.005128205128205128
56,21,0.005128205128205128
56,30,0.005128205128205128
56,41,0.005128205128205128
56,47,0.010256410256410256
56,48,0.005128205128205128
56,61,0.005128205128205128
56,66,0.005128205128205128
56,68,0.015384615384615385
56,72,0.005128205128205128
56,76,0.005128205128205128
56,79,0.05128205128205128
56,81,0.005128205128205128
56,82,0.010256410256410256
56,163,0.005128205128205128
56,367,0.005128205128205128
472,7,0.012345679012345678
472,185,0.0024691358024691358
472,246,0.0024691358024691358
472,325,0.0024691358024691358
472,383,0.0024691358024691358
472,399,0.0024691358024691358
13,0,0.0031446540880503146
13,2,0.0031446540880503146
13,5,0.0031446540880503146
13,7,0.0031446540880503146
13,8,0.0031446540880503146
13,11,0.009433962264150943
13,12,0.0031446540880503146
13,16,0.009433962264150943
13,17,0.009433962264150943
13,24,0.0031446540880503146
13,35,0.006289308176100629
13,44,0.0031446540880503146
13,55,0.009433962264150943
13,59,0.006289308176100629
13,64,0.015723270440251572
13,68,0.006289308176100629
13,73,0.0031446540880503146
13,77,0.006289308176100629
13,85,0.0031446540880503146
13,87,0.006289308176100629
13,148,0.006289308176100629
13,355,0.006289308176100629
16,4,0.00303951367781155
16,13,0.0182370820668693
16,17,0.00303951367781155
16,20,0.00303951367781155
16,25,0.0060790273556231
16,26,0.0060790273556231
16,30,0.00303951367781155
16,37,0.00303951367781155
16,55,0.00303951367781155
16,59,0.00303951367781155
16,64,0.00303951367781155
16,65,0.00303951367781155
16,72,0.00303951367781155
16,74,0.00303951367781155
16,77,0.00303951367781155
16,85,0.00303951367781155
16,91,0.00303951367781155
16,157,0.0060790273556231
16,160,0.00303951367781155
33,0,0.006024096385542169
33,8,0.0030120481927710845
33,17,0.0030120481927710845
33,26,0.0030120481927710845
33,32,0.006024096385542169
33,45,0.0030120481927710845
33,48,0.0030120481927710845
33,55,0.0030120481927710845
33,59,0.006024096385542169
33,64,0.006024096385542169
33,65,0.0030120481927710845
33,74,0.015060240963855422
33,77,0.0030120481927710845
33,79,0.0030120481927710845
33,85,0.0030120481927710845
33,91,0.0030120481927710845
33,179,0.0030120481927710845
60,48,0.005434782608695652
60,58,0.005434782608695652
60,75,0.005434782608695652
60,79,0.005434782608695652
60,86,0.005434782608695652
60,88,0.005434782608695652
271,47,0.002162162162162162
271,51,0.001081081081081081
271,144,0.001081081081081081
271,206,0.002162162162162162
271,244,0.001081081081081081
271,246,0.002162162162162162
271,322,0.005405405405405406
271,383,0.001081081081081081
271,399,0.004324324324324324
271,437,0.002162162162162162
10,11,0.005555555555555556
10,27,0.011111111111111112
10,35,0.005555555555555556
10,46,0.005555555555555556
10,57,0.011111111111111112
10,68,0.005555555555555556
10,71,0.011111111111111112
10,84,0.005555555555555556
10,90,0.005555555555555556
10,367,0.005555555555555556
10,372,0.005555555555555556
61,2,0.002070393374741201
61,4,0.002070393374741201
61,6,0.002070393374741201
61,9,0.008281573498964804
61,14,0.002070393374741201
61,17,0.002070393374741201
61,18,0.004140786749482402
61,25,0.002070393374741201
61,27,0.022774327122153208
61,35,0.002070393374741201
61,50,0.012422360248447204
61,54,0.020703933747412008
61,55,0.002070393374741201
61,59,0.004140786749482402
61,60,0.002070393374741201
61,71,0.002070393374741201
61,72,0.004140786749482402
61,87,0.006211180124223602
61,90,0.002070393374741201
61,149,0.006211180124223602
61,320,0.002070393374741201
61,367,0.002070393374741201
61,411,0.004140786749482402
65,9,0.011235955056179775
65,11,0.011235955056179775
65,17,0.0056179775280898875
65,33,0.0056179775280898875
65,37,0.0056179775280898875
65,40,0.0056179775280898875
65,54,0.0056179775280898875
65,55,0.0056179775280898875
65,57,0.0056179775280898875
65,58,0.0056179775280898875
65,74,0.011235955056179775
65,77,0.0056179775280898875
65,79,0.0056179775280898875
65,85,0.011235955056179775
65,87,0.02247191011235955
65,88,0.016853932584269662
65,291,0.0056179775280898875
57,0,0.0035460992907801418
57,1,0.0017730496453900709
57,12,0.012411347517730497
57,18,0.0035460992907801418
57,20,0.0017730496453900709
57,23,0.0017730496453900709
57,24,0.0017730496453900709
57,25,0.0035460992907801418
57,27,0.008865248226950355
57,45,0.0017730496453900709
57,46,0.0035460992907801418
57,52,0.005319148936170213
57,59,0.0017730496453900709
57,65,0.0017730496453900709
57,68,0.012411347517730497
57,75,0.0017730496453900709
57,78,0.0070921985815602835
57,79,0.0017730496453900709
57,372,0.0017730496453900709
71,0,0.0030911901081916537
71,1,0.0061823802163833074
71,2,0.0015455950540958269
71,4,0.0015455950540958269
71,8,0.0030911901081916537
71,10,0.00463678516228748
71,12,0.00463678516228748
71,14,0.0015455950540958269
71,17,0.0015455950540958269
71,24,0.0061823802163833074
71,25,0.010819165378670788
71,32,0.0030911901081916537
71,37,0.0015455950540958269
71,39,0.0015455950540958269
71,41,0.0030911901081916537
71,46,0.0015455950540958269
71,52,0.0015455950540958269
71,54,0.015455950540958269
71,55,0.0077279752704791345
71,59,0.00463678516228748
71,61,0.0077279752704791345
71,62,0.0015455950540958269
71,63,0.0015455950540958269
71,65,0.0015455950540958269
71,66,0.0015455950540958269
71,69,0.0015455950540958269
71,72,0.03863987635239567
71,77,0.0030911901081916537
71,80,0.0015455950540958269
71,87,0.0061823802163833074
71,88,0.0015455950540958269
71,89,0.0030911901081916537
71,90,0.00463678516228748
71,157,0.0015455950540958269
71,160,0.0015455950540958269
71,165,0.0015455950540958269
71,185,0.0015455950540958269
71,246,0.0015455950540958269
71,259,0.0015455950540958269
71,306,0.0015455950540958269
71,367,0.00463678516228748
71,373,0.00463678516228748
71,374,0.0015455950540958269
71,401,0.0030911901081916537
71,442,0.0030911901081916537
71,463,0.0015455950540958269
367,8,0.001610305958132045
367,10,0.001610305958132045
367,14,0.001610305958132045
367,17,0.00322061191626409
367,27,0.001610305958132045
367,30,0.001610305958132045
367,32,0.001610305958132045
367,46,0.001610305958132045
367,54,0.001610305958132045
367,58,0.001610305958132045
367,59,0.001610305958132045
367,61,0.00322061191626409
367,65,0.001610305958132045
367,71,0.00322061191626409
367,72,0.00322061191626409
367,83,0.001610305958132045
367,84,0.001610305958132045
367,87,0.001610305958132045
367,89,0.001610305958132045
367,129,0.004830917874396135
367,134,0.001610305958132045
367,144,0.00322061191626409
367,148,0.001610305958132045
367,149,0.004830917874396135
367,153,0.004830917874396135
367,157,0.00322061191626409
367,160,0.008051529790660225
367,165,0.001610305958132045
367,174,0.014492753623188406
367,175,0.008051529790660225
367,179,0.001610305958132045
367,244,0.001610305958132045
367,246,0.001610305958132045
367,250,0.001610305958132045
367,254,0.011272141706924315
367,259,0.001610305958132045
367,271,0.008051529790660225
367,277,0.004830917874396135
367,291,0.00322061191626409
367,294,0.001610305958132045
367,306,0.001610305958132045
367,320,0.00322061191626409
367,322,0.00322061191626409
367,325,0.00322061191626409
367,347,0.001610305958132045
367,353,0.004830917874396135
367,355,0.017713365539452495
367,361,0.004830917874396135
367,365,0.001610305958132045
367,372,0.00322061191626409
367,373,0.00644122383252818
367,401,0.01932367149758454
367,408,0.008051529790660225
367,437,0.00322061191626409
367,438,0.001610305958132045
367,442,0.00644122383252818
367,445,0.001610305958132045
367,455,0.00322061191626409
372,45,0.002967359050445104
372,254,0.002967359050445104
372,325,0.002967359050445104
372,355,0.002967359050445104
372,365,0.07418397626112759
372,374,0.002967359050445104
372,392,0.002967359050445104
372,445,0.002967359050445104
372,471,0.002967359050445104
40,1,0.0035087719298245615
40,8,0.0035087719298245615
40,11,0.0035087719298245615
40,15,0.0035087719298245615
40,17,0.010526315789473684
40,22,0.0035087719298245615
40,28,0.0035087719298245615
40,32,0.007017543859649123
40,38,0.0035087719298245615
40,39,0.0035087719298245615
40,47,0.010526315789473684
40,54,0.0035087719298245615
40,72,0.007017543859649123
40,81,0.0035087719298245615
40,82,0.0035087719298245615
40,83,0.007017543859649123
40,89,0.017543859649122806
40,91,0.0035087719298245615
40,163,0.0035087719298245615
40,244,0.0035087719298245615
40,246,0.0035087719298245615
75,11,0.006024096385542169
75,17,0.006024096385542169
75,38,0.0030120481927710845
75,40,0.0030120481927710845
75,43,0.006024096385542169
75,46,0.006024096385542169
75,47,0.0030120481927710845
75,51,0.0030120481927710845
75,64,0.0030120481927710845
75,80,0.0030120481927710845
254,12,0.007407407407407408
254,84,0.001851851851851852
254,123,0.001851851851851852
254,153,0.001851851851851852
254,160,0.001851851851851852
254,165,0.001851851851851852
254,174,0.001851851851851852
254,246,0.001851851851851852
254,250,0.001851851851851852
254,259,0.001851851851851852
254,291,0.001851851851851852
254,322,0.001851851851851852
254,353,0.003703703703703704
254,355,0.001851851851851852
254,367,0.005555555555555556
254,401,0.003703703703703704
254,408,0.001851851851851852
254,442,0.001851851851851852
392,12,0.026217228464419477
392,185,0.00749063670411985
392,355,0.003745318352059925
44,7,0.003355704697986577
44,13,0.003355704697986577
44,21,0.003355704697986577
44,26,0.003355704697986577
44,32,0.006711409395973154
44,51,0.003355704697986577
44,72,0.010067114093959731
44,74,0.003355704697986577
44,437,0.003355704697986577
148,35,0.00530035335689046
148,76,0.0017667844522968198
148,153,0.0035335689045936395
148,160,0.00530035335689046
148,179,0.0017667844522968198
148,185,0.0017667844522968198
148,254,0.0017667844522968198
148,286,0.0017667844522968198
148,325,0.0017667844522968198
148,401,0.00530035335689046
148,408,0.0017667844522968198
355,13,0.0031746031746031746
355,160,0.0031746031746031746
355,165,0.0031746031746031746
355,179,0.0031746031746031746
355,254,0.0031746031746031746
355,275,0.006349206349206349
355,358,0.009523809523809525
355,367,0.0031746031746031746
355,392,0.0031746031746031746
43,14,0.002840909090909091
43,17,0.002840909090909091
43,18,0.002840909090909091
43,36,0.002840909090909091
43,52,0.002840909090909091
43,61,0.002840909090909091
43,75,0.005681818181818182
43,77,0.002840909090909091
43,79,0.002840909090909091
43,85,0.002840909090909091
43,89,0.005681818181818182
43,459,0.002840909090909091
82,2,0.004484304932735426
82,11,0.004484304932735426
82,14,0.013452914798206279
82,27,0.004484304932735426
82,32,0.008968609865470852
82,51,0.02242152466367713
82,56,0.004484304932735426
82,58,0.004484304932735426
82,66,0.02242152466367713
82,72,0.008968609865470852
82,73,0.008968609865470852
82,74,0.004484304932735426
82,81,0.013452914798206279
82,328,0.004484304932735426
82,380,0.008968609865470852
365,14,0.001215066828675577
365,54,0.002430133657351154
365,149,0.006075334143377886
365,165,0.001215066828675577
365,179,0.001215066828675577
365,320,0.001215066828675577
365,328,0.001215066828675577
365,353,0.001215066828675577
365,372,0.0036452004860267314
365,373,0.002430133657351154
365,374,0.001215066828675577
365,401,0.004860267314702308
365,408,0.0036452004860267314
185,15,0.004347826086956522
185,22,0.004347826086956522
185,72,0.021739130434782608
185,134,0.004347826086956522
185,322,0.013043478260869565
185,392,0.004347826086956522
160,30,0.0026595744680851063
160,46,0.0026595744680851063
160,86,0.007978723404255319
160,148,0.005319148936170213
160,254,0.005319148936170213
160,286,0.0026595744680851063
160,355,0.005319148936170213
160,367,0.005319148936170213
160,373,0.007978723404255319
160,374,0.0026595744680851063
160,399,0.0026595744680851063
160,401,0.007978723404255319
160,438,0.005319148936170213
45,0,0.006711409395973154
45,2,0.013422818791946308
45,17,0.006711409395973154
45,23,0.026845637583892617
45,30,0.006711409395973154
45,32,0.020134228187919462
45,40,0.006711409395973154
45,57,0.006711409395973154
45,58,0.006711409395973154
45,66,0.013422818791946308
45,372,0.006711409395973154
48,4,0.002932551319648094
48,9,0.002932551319648094
48,11,0.002932551319648094
48,18,0.002932551319648094
48,24,0.002932551319648094
48,27,0.002932551319648094
48,40,0.002932551319648094
48,53,0.002932551319648094
48,55,0.002932551319648094
48,60,0.002932551319648094
48,61,0.002932551319648094
48,79,0.002932551319648094
48,81,0.008797653958944282
48,88,0.002932551319648094
48,259,0.002932551319648094
48,463,0.008797653958944282
134,271,0.0026666666666666666
134,322,0.005333333333333333
134,399,0.0026666666666666666
134,409,0.005333333333333333
259,17,0.0024096385542168677
259,254,0.004819277108433735
259,438,0.0024096385542168677
259,442,0.0024096385542168677
322,1,0.001183431952662722
322,17,0.005917159763313609
322,41,0.001183431952662722
322,58,0.001183431952662722
322,73,0.001183431952662722
322,93,0.004733727810650888
322,129,0.009467455621301775
322,134,0.004733727810650888
322,144,0.008284023668639054
322,163,0.0035502958579881655
322,165,0.001183431952662722
322,174,0.007100591715976331
322,175,0.01893491124260355
322,185,0.007100591715976331
322,191,0.001183431952662722
322,206,0.0035502958579881655
322,244,0.015384615384615385
322,246,0.002366863905325444
322,271,0.010650887573964497
322,277,0.008284023668639054
322,294,0.004733727810650888
322,306,0.016568047337278107
322,328,0.002366863905325444
322,360,0.001183431952662722
322,362,0.0035502958579881655
322,373,0.001183431952662722
322,380,0.010650887573964497
322,383,0.005917159763313609
322,399,0.004733727810650888
322,413,0.001183431952662722
322,437,0.0035502958579881655
322,459,0.0035502958579881655
322,471,0.001183431952662722
322,472,0.0035502958579881655
442,68,0.0032679738562091504
442,149,0.0016339869281045752
442,153,0.0016339869281045752
442,254,0.0016339869281045752
442,275,0.0032679738562091504
442,380,0.0016339869281045752
78,17,0.007692307692307693
78,19,0.0038461538461538464
78,20,0.007692307692307693
78,21,0.0038461538461538464
78,32,0.0038461538461538464
78,49,0.0038461538461538464
78,51,0.007692307692307693
78,57,0.038461538461538464
78,72,0.0038461538461538464
413,21,0.011363636363636364
413,66,0.017045454545454544
41,7,0.004016064257028112
41,22,0.008032128514056224
41,32,0.008032128514056224
41,62,0.012048192771084338
41,72,0.0642570281124498
41,165,0.004016064257028112
41,185,0.008032128514056224
41,220,0.008032128514056224
41,374,0.0321285140562249
41,409,0.004016064257028112
41,459,0.004016064257028112
144,15,0.003367003367003367
144,134,0.013468013468013467
144,322,0.003367003367003367
144,325,0.003367003367003367
144,399,0.003367003367003367
220,244,0.007462686567164179
220,246,0.007462686567164179
258,17,0.00398406374501992
258,246,0.00796812749003984
258,271,0.00796812749003984
258,306,0.01195219123505976
258,322,0.00398406374501992
258,437,0.00796812749003984
49,7,0.005263157894736842
49,8,0.031578947368421054
49,17,0.005263157894736842
49,19,0.005263157894736842
49,22,0.021052631578947368
49,23,0.005263157894736842
49,30,0.005263157894736842
49,32,0.010526315789473684
49,34,0.005263157894736842
49,39,0.005263157894736842
49,41,0.005263157894736842
49,47,0.04736842105263158
49,51,0.010526315789473684
49,54,0.005263157894736842
49,58,0.005263157894736842
49,62,0.010526315789473684
49,66,0.005263157894736842
49,67,0.005263157894736842
49,72,0.042105263157894736
49,75,0.005263157894736842
49,78,0.005263157894736842
49,89,0.005263157894736842
49,91,0.005263157894736842
49,174,0.005263157894736842
49,220,0.005263157894736842
49,246,0.015789473684210527
49,271,0.005263157894736842
49,459,0.005263157894736842
53,4,0.00404040404040404
53,12,0.00202020202020202
53,13,0.00404040404040404
53,23,0.00202020202020202
53,24,0.00202020202020202
53,35,0.00404040404040404
53,42,0.00202020202020202
53,48,0.00404040404040404
53,55,0.01818181818181818
53,58,0.00202020202020202
53,59,0.00202020202020202
53,74,0.00202020202020202
53,85,0.00202020202020202
53,87,0.012121212121212121
53,88,0.00202020202020202
53,90,0.00202020202020202
53,148,0.006060606060606061
53,401,0.00202020202020202
123,374,0.0064516129032258064
67,1,0.0051813471502590676
67,15,0.0051813471502590676
67,17,0.010362694300518135
67,26,0.0051813471502590676
67,33,0.0051813471502590676
67,49,0.0051813471502590676
67,57,0.0051813471502590676
67,68,0.0051813471502590676
67,72,0.0051813471502590676
67,73,0.0051813471502590676
67,246,0.0051813471502590676
411,153,0.004464285714285714
411,275,0.008928571428571428
411,459,0.004464285714285714
70,46,0.004739336492890996
70,48,0.014218009478672985
70,53,0.014218009478672985
70,55,0.004739336492890996
70,61,0.014218009478672985
70,69,0.004739336492890996
70,79,0.004739336492890996
70,87,0.014218009478672985
70,88,0.009478672985781991
70,358,0.004739336492890996
70,365,0.009478672985781991
70,374,0.009478672985781991
70,401,0.018957345971563982
70,411,0.004739336492890996
31,1,0.00398406374501992
31,3,0.00398406374501992
31,8,0.00398406374501992
31,16,0.00796812749003984
31,17,0.01593625498007968
31,21,0.00597609561752988
31,22,0.00199203187250996
31,25,0.00199203187250996
31,26,0.049800796812749
31,27,0.00597609561752988
31,28,0.00597609561752988
31,30,0.00597609561752988
31,32,0.00199203187250996
31,33,0.00199203187250996
31,37,0.00199203187250996
31,40,0.00199203187250996
31,41,0.00597609561752988
31,45,0.00199203187250996
31,46,0.01195219123505976
31,48,0.00199203187250996
31,58,0.00199203187250996
31,61,0.00199203187250996
31,64,0.00199203187250996
31,72,0.01593625498007968
31,75,0.00199203187250996
31,79,0.013944223107569721
31,80,0.00199203187250996
31,87,0.00199203187250996
31,88,0.00199203187250996
31,89,0.00597609561752988
31,459,0.00199203187250996
244,220,0.002840909090909091
244,306,0.002840909090909091
244,322,0.005681818181818182
244,407,0.002840909090909091
383,11,0.0022522522522522522
383,59,0.0022522522522522522
383,89,0.0045045045045045045
383,115,0.0022522522522522522
383,191,0.0022522522522522522
383,294,0.009009009009009009
383,306,0.015765765765765764
383,322,0.018018018018018018
383,362,0.0045045045045045045
383,380,0.0022522522522522522
383,471,0.0022522522522522522
383,472,0.0022522522522522522
34,8,0.002824858757062147
34,17,0.005649717514124294
34,72,0.00847457627118644
34,83,0.002824858757062147
34,306,0.002824858757062147
34,437,0.002824858757062147
294,39,0.002890173410404624
294,277,0.02023121387283237
294,322,0.002890173410404624
294,357,0.002890173410404624
294,399,0.002890173410404624
163,87,0.006134969325153374
163,129,0.006134969325153374
163,134,0.012269938650306749
163,149,0.006134969325153374
163,244,0.006134969325153374
163,322,0.012269938650306749
408,42,0.00273224043715847
408,59,0.00273224043715847
408,85,0.01639344262295082
408,148,0.00273224043715847
408,157,0.00273224043715847
408,179,0.00273224043715847
408,206,0.00273224043715847
408,254,0.00273224043715847
408,353,0.00273224043715847
408,365,0.00273224043715847
408,367,0.00546448087431694
408,401,0.00273224043715847
408,471,0.00273224043715847
325,46,0.0016501650165016502
325,76,0.006600660066006601
325,160,0.0016501650165016502
325,367,0.0016501650165016502
325,374,0.0033003300330033004
358,72,0.003875968992248062
358,76,0.003875968992248062
358,157,0.003875968992248062
358,325,0.003875968992248062
358,373,0.003875968992248062
358,374,0.003875968992248062
358,401,0.011627906976744186
463,2,0.005208333333333333
463,48,0.015625
463,254,0.005208333333333333
174,220,0.0019120458891013384
174,246,0.0019120458891013384
174,250,0.0019120458891013384
174,437,0.0019120458891013384
63,17,0.002717391304347826
63,23,0.002717391304347826
63,26,0.002717391304347826
63,37,0.002717391304347826
63,41,0.005434782608695652
63,46,0.005434782608695652
63,64,0.008152173913043478
63,68,0.005434782608695652
63,72,0.010869565217391304
63,77,0.02717391304347826
63,85,0.002717391304347826
63,91,0.002717391304347826
69,7,0.003110419906687403
69,15,0.004665629860031105
69,23,0.0015552099533437014
69,25,0.003110419906687403
69,28,0.0015552099533437014
69,29,0.003110419906687403
69,30,0.0015552099533437014
69,32,0.0015552099533437014
69,39,0.006220839813374806
69,48,0.003110419906687403
69,54,0.0015552099533437014
69,62,0.0015552099533437014
69,66,0.006220839813374806
69,72,0.04821150855365474
69,91,0.003110419906687403
69,185,0.004665629860031105
69,250,0.0015552099533437014
69,445,0.0015552099533437014
69,459,0.006220839813374806
445,254,0.001869158878504673
445,347,0.001869158878504673
445,401,0.001869158878504673
291,88,0.002583979328165375
291,254,0.002583979328165375
291,353,0.002583979328165375
347,358,0.007352941176470588
347,445,0.022058823529411766
353,291,0.0019801980198019802
353,365,0.005940594059405941
353,374,0.007920792079207921
353,408,0.0019801980198019802
361,10,0.0016207455429497568
361,71,0.0016207455429497568
361,89,0.0032414910858995136
361,148,0.0032414910858995136
361,254,0.0032414910858995136
361,353,0.004862236628849271
361,367,0.006482982171799027
361,383,0.0032414910858995136
361,401,0.006482982171799027
320,61,0.004830917874396135
320,179,0.004830917874396135
320,325,0.004830917874396135
320,367,0.004830917874396135
320,401,0.00966183574879227
373,254,0.0030120481927710845
191,134,0.007462686567164179
380,134,0.0024937655860349127
380,185,0.004987531172069825
380,244,0.0024937655860349127
380,322,0.012468827930174564
380,399,0.0024937655860349127
380,442,0.004987531172069825
399,80,0.003816793893129771
399,89,0.003816793893129771
399,129,0.007633587786259542
399,134,0.007633587786259542
399,144,0.011450381679389313
399,175,0.03435114503816794
399,185,0.003816793893129771
399,191,0.003816793893129771
399,244,0.007633587786259542
399,246,0.022900763358778626
399,271,0.019083969465648856
399,277,0.019083969465648856
399,294,0.011450381679389313
399,306,0.026717557251908396
399,322,0.030534351145038167
399,328,0.003816793893129771
399,380,0.007633587786259542
399,383,0.007633587786259542
399,472,0.003816793893129771
328,206,0.009345794392523364
328,322,0.009345794392523364
328,472,0.009345794392523364
438,148,0.00684931506849315
438,254,0.0136986301369863
438,325,0.00684931506849315
438,367,0.00684931506849315
438,392,0.00684931506849315
438,408,0.00684931506849315
360,89,0.022556390977443608
360,129,0.007518796992481203
360,322,0.007518796992481203
360,442,0.007518796992481203
471,7,0.008849557522123894
471,89,0.017699115044247787
471,408,0.017699115044247787
181,437,0.003067484662576687
93,134,0.01
93,322,0.02
206,144,0.004651162790697674
206,175,0.009302325581395349
206,244,0.004651162790697674
206,246,0.004651162790697674
206,271,0.004651162790697674
206,322,0.004651162790697674
206,399,0.004651162790697674
206,409,0.004651162790697674
129,163,0.025
129,175,0.008333333333333333
129,275,0.008333333333333333
129,277,0.016666666666666666
129,322,0.08333333333333333
129,360,0.008333333333333333
115,179,0.00980392156862745
115,325,0.0196078431372549
175,129,0.002570694087403599
175,134,0.005141388174807198
175,149,0.002570694087403599
175,206,0.002570694087403599
175,220,0.005141388174807198
175,246,0.002570694087403599
175,271,0.005141388174807198
175,277,0.010282776349614395
175,294,0.002570694087403599
175,322,0.005141388174807198
175,399,0.002570694087403599
407,79,0.007518796992481203
407,244,0.007518796992481203
407,322,0.015037593984962405
407,472,0.007518796992481203
275,157,0.008928571428571428
275,442,0.008928571428571428
455,71,0.0045871559633027525
455,160,0.0045871559633027525
455,254,0.009174311926605505
455,347,0.0045871559633027525
455,358,0.0045871559633027525
455,367,0.0045871559633027525
455,401,0.0045871559633027525
455,408,0.0045871559633027525
455,438,0.0045871559633027525
277,129,0.0036101083032490976
277,294,0.018050541516245487
277,322,0.0036101083032490976
277,399,0.0036101083032490976
277,409,0.0036101083032490976
362,134,0.004901960784313725
362,322,0.0196078431372549
362,383,0.004901960784313725
357,322,0.02054794520547945
227,134,0.008086253369272238
227,174,0.0026954177897574125
227,437,0.005390835579514825
227,459,0.0026954177897574125
395,408,0.009615384615384616
